"","baseMean","log2FoldChange","lfcSE","stat","pvalue","padj","symbol","entrez","fc_direction","chromosome_name","start_position","end_position"
"ENSG00000165949",22964.6038458291,6.63666370888156,0.558859594614613,11.8753686486463,1.58931881055347e-32,5.67831824634544e-28,"IFI27",3429,"UP","14",94104836,94116698
"ENSG00000137959",37813.6965774056,5.04746887455532,0.428356960712268,11.7833240439526,4.75790123014757e-32,8.49951475753562e-28,"IFI44L",10964,"UP","1",78619922,78646145
"ENSG00000137965",33463.8878686541,4.12780441466092,0.378673724308216,10.9006887715852,1.14388083078115e-27,1.02171435805373e-23,"IFI44",10561,"UP","1",78649796,78664078
"ENSG00000134321",41145.0941915116,4.60218464964338,0.428378169952342,10.7432753871547,6.37420303344159e-27,4.55475051957602e-23,"RSAD2",91543,"UP","2",6865806,6898239
"ENSG00000088827",11969.688235668,4.22174193955466,0.395574356235396,10.6724358467828,1.36987372335126e-26,8.1571413979823e-23,"SIGLEC1",6614,"UP","20",3686970,3707128
"ENSG00000184979",5267.14959580262,3.85267524629943,0.372320786381392,10.3477307397844,4.28522225782094e-25,2.18717744039181e-21,"USP18",11274,"UP","22",18150170,18177397
"ENSG00000214872",3339.00174650147,3.51972943730914,0.340633068874129,10.3329058712434,5.00218257192078e-25,2.23397473661982e-21,"SMTNL1",219537,"UP","11",57542641,57550274
"ENSG00000161133",2311.62393153331,3.49271381402423,0.344608281186377,10.1353159651298,3.85126462480177e-24,1.37597982514918e-20,"USP41",373856,"UP","22",20350578,20390758
"ENSG00000115155",5689.50460260601,4.09653530054863,0.426800089109238,9.59825315195783,8.13107422503932e-22,2.23466938394004e-18,"OTOF",9381,"UP","2",26457203,26558698
"ENSG00000138646",16598.6969373359,3.1737399894411,0.33570481067425,9.45396040964312,3.26247648754395e-21,8.32583999621216e-18,"HERC5",51191,"UP","4",88457119,88506163
"ENSG00000134326",10211.9131294708,3.49477119900827,0.371796521827563,9.39968771582303,5.47252514690895e-21,1.1501316379339e-17,"CMPK2",129607,"UP","2",6840570,6866635
"ENSG00000173821",16635.7177385525,1.86634921807879,0.198391847856046,9.40738865153887,5.08615792096828e-21,1.1501316379339e-17,"RNF213",57674,"UP","17",80260866,80398786
"ENSG00000187608",36886.0717217812,3.91176844994581,0.416009332633166,9.40307859245836,5.29894779329767e-21,1.1501316379339e-17,"ISG15",9636,"UP","1",1001138,1014540
"ENSG00000132530",11305.4295485134,2.71713452878218,0.293829553498953,9.24731531061551,2.30201887335627e-20,4.56925168373738e-17,"XAF1",54739,"UP","17",6755447,6775647
"ENSG00000133106",18974.7251047218,2.87552982725972,0.314635129337966,9.13925229299797,6.28856042028843e-20,1.18251414050561e-16,"EPSTI1",94240,"UP","13",42886388,42992271
"ENSG00000126709",31461.8459945686,3.02892574962372,0.335421590518359,9.03020507696846,1.7135037676041e-19,3.06100313044797e-16,"IFI6",2537,"UP","1",27666064,27672198
"ENSG00000135114",17054.4942296735,2.75916677734794,0.306316503095861,9.00756815079097,2.10676132010936e-19,3.58430325927939e-16,"OASL",8638,"UP","12",121019111,121039242
"ENSG00000089127",3747.41756847485,2.94407139731008,0.328803971083208,8.95388029411921,3.43200971541362e-19,5.57358377783172e-16,"OAS1",4938,"UP","12",112906783,112933222
"ENSG00000157601",48701.5280711069,2.9822365019861,0.335176193802767,8.89751884867153,5.7108991136309e-19,8.87126102312194e-16,"MX1",4599,"UP","21",41420304,41459214
"ENSG00000137628",9976.01881569258,2.48823128281579,0.283210823589644,8.78579162786906,1.55267181018681e-18,2.3114107680981e-15,"DDX60",55601,"UP","4",168216294,168318804
"ENSG00000145743",1955.7814655065,-0.50812288755589,0.0579567962274521,-8.76727011551425,1.83050269169966e-18,2.61600800676182e-15,"FBXL17",64839,"DOWN","5",107859035,108382098
"ENSG00000055332",14654.0744984995,2.10587672408868,0.241747321579136,8.71106538154268,3.01031961063655e-18,4.13664227110856e-15,"EIF2AK2",5610,"UP","2",37099210,37157065
"ENSG00000160932",67172.643001567,3.12515005677404,0.359009843885283,8.70491467017444,3.17813774693651e-18,4.2055002008351e-15,"LY6E",4061,"UP","8",143017982,143023832
"ENSG00000196358",25043.0106247381,1.88156674416265,0.221512452100011,8.49418046852347,1.99334379052122e-17,2.45579954992214e-14,"NTNG2",84628,"UP","9",132161676,132244526
"ENSG00000136514",2650.76796326803,2.46240838323498,0.291850587413497,8.43722263867233,3.24967096977679e-17,3.87014148027284e-14,"RTP4",64108,"UP","3",187368385,187372076
"ENSG00000124256",14820.859710704,1.91320618944884,0.227387180114811,8.41387007166732,3.96700116109674e-17,4.42915679636451e-14,"ZBP1",81030,"UP","20",57603846,57620576
"ENSG00000138642",5956.20057372519,1.96326541911533,0.237549778683321,8.26464848756,1.4010696912097e-16,1.5168914523497e-13,"HERC6",55008,"UP","4",88378739,88443111
"ENSG00000132388",4037.65092123743,-0.489437970009011,0.0593224593315047,-8.25046661120271,1.57777255866119e-16,1.65796052870138e-13,"UBE2G1",7326,"DOWN","17",4269259,4366628
"ENSG00000102313",159.967059123413,1.33609988018933,0.162040983962456,8.24544413096691,1.64547894889576e-16,1.67970491103279e-13,"ITIH6",347365,"UP","X",54748918,54798255
"ENSG00000152778",6847.37260946021,1.99875930617127,0.247904529396109,8.06261713345945,7.46781321624039e-16,7.41138973860657e-13,"IFIT5",24138,"UP","10",89414568,89420997
"ENSG00000177294",127.604721453211,2.28707363677151,0.283936362694146,8.05488108345999,7.95561161540585e-16,7.68211058906001e-13,"FBXO39",162517,"UP","17",6776215,6797101
"ENSG00000156304",2440.70929271638,-0.477098587768145,0.0593333191459876,-8.04098935699619,8.91159986893452e-16,8.37878000308665e-13,"SCAF4",57466,"DOWN","21",31671000,31732118
"ENSG00000130699",1866.87069270706,-0.375087063427299,0.0478856097810993,-7.83298082956328,4.76436979164612e-15,3.40442807831865e-12,"TAF4",6874,"DOWN","20",61953469,62065810
"ENSG00000141664",12624.5266685998,1.80204625415309,0.230028964454219,7.83399715956962,4.7259946141179e-15,3.40442807831865e-12,"ZCCHC2",54877,"UP","18",62523025,62587709
"ENSG00000196141",855.524701360593,2.11209993426866,0.269968161819379,7.8235148916625,5.13684768134584e-15,3.59861360704165e-12,"SPATS2L",26010,"UP","2",200305881,200482264
"ENSG00000166710",455170.246892881,0.891121391563591,0.114251529726777,7.79964516619282,6.20814877425479e-15,4.26547575781875e-12,"B2M",567,"UP","15",44711487,44718877
"ENSG00000130589",21001.8361592557,1.71553106336204,0.220272954746332,7.78820561669796,6.79675116046756e-15,4.58177972568274e-12,"HELZ2",85441,"UP","20",63558086,63574239
"ENSG00000177409",21303.4876605661,1.76217401047153,0.226846877844178,7.76812106570835,7.96589069763947e-15,5.27046931194932e-12,"SAMD9L",219285,"UP","7",93130056,93148385
"ENSG00000204397",5677.25883775922,1.03132075558634,0.133024814395823,7.75284491296181,8.9856334706652e-15,5.83706750254411e-12,"CARD16",114769,"UP","11",105041326,105101431
"ENSG00000100380",4613.14604326282,-0.631817779219345,0.0816762609708576,-7.73563544301789,1.02887897566416e-14,6.49008545091353e-12,"ST13",6767,"DOWN","22",40824535,40856639
"ENSG00000067066",11969.3388878035,0.982771422262397,0.127976524043012,7.67931016732489,1.5994754223384e-14,9.07080283957245e-12,"SP100",6672,"UP","2",230415942,230545606
"ENSG00000086065",3817.10805331135,1.43562342850003,0.188861223474733,7.60147266912149,2.92779611578988e-14,1.58491363068092e-11,"CHMP5",51510,"UP","9",33264879,33282070
"ENSG00000108771",6038.06236184853,1.74113879199593,0.229565282585726,7.58450394756768,3.33761509849017e-14,1.77979570505756e-11,"DHX58",79132,"UP","17",42101404,42112714
"ENSG00000172426",459.870357122628,1.51494757984616,0.199803701395005,7.58217975577521,3.39797036504119e-14,1.78533360591458e-11,"RSPH9",221421,"UP","6",43645036,43672600
"ENSG00000169105",533.061872589602,-0.653619528327942,0.0870916392107258,-7.50496298211189,6.14459626025523e-14,3.18165413313621e-11,"CHST14",113189,"DOWN","15",40470998,40474571
"ENSG00000078081",843.254594151611,1.99208613531404,0.265893801562892,7.49203675905492,6.78129225551367e-14,3.37329851543836e-11,"LAMP3",27074,"UP","3",183122215,183163839
"ENSG00000134809",1695.50461898402,1.96006782124343,0.261631403917047,7.49171464854004,6.79795939071771e-14,3.37329851543836e-11,"TIMM10",26519,"UP","11",57528464,57530803
"ENSG00000167910",59.347954277618,1.74629515134568,0.236261725118787,7.39135867423165,1.45335985110621e-13,6.923418768043e-11,"CYP7A1",1581,"UP","8",58490178,58500163
"ENSG00000138496",25732.8661535129,1.40864667895722,0.190778769789857,7.38366580573322,1.53989685762437e-13,7.23913617489521e-11,"PARP9",83666,"UP","3",122527924,122564577
"ENSG00000184992",1091.27185301092,-0.559688077050143,0.0759855292894198,-7.36571926634028,1.76194261697489e-13,8.1754137427635e-11,"BRI3BP",140707,"DOWN","12",124993645,125031231
"ENSG00000168026",1067.19802747222,1.28540886650807,0.174579146446426,7.36290039602485,1.79956650029207e-13,8.24293742595324e-11,"TTC21A",199223,"UP","3",39107704,39138903
"ENSG00000183486",52125.2495921467,1.40238340402322,0.190632641464902,7.35647050393213,1.88836584173597e-13,8.54019427766365e-11,"MX2",4600,"UP","21",41361999,41409393
"ENSG00000158402",142.454646307394,0.529359748069425,0.0720920003499794,7.34283617460445,2.09114433058332e-13,9.33905058038511e-11,"CDC25C",995,"UP","5",138285265,138338355
"ENSG00000177733",4719.1210471123,-0.56314406178401,0.0768131031265228,-7.33135414222787,2.27838705932432e-13,1.00496559080913e-10,"HNRNPA0",10949,"DOWN","5",137745651,137754363
"ENSG00000059378",15738.4572436664,1.48403004299896,0.202596038781982,7.32506939385895,2.38775125266063e-13,1.04036069213487e-10,"PARP12",64761,"UP","7",140023744,140063721
"ENSG00000112343",6318.57975922256,0.86498234911647,0.118434870344419,7.30344320554431,2.80495306215813e-13,1.20741401210585e-10,"TRIM38",10475,"UP","6",25962802,25991231
"ENSG00000080986",489.603862456755,0.956172322135081,0.130995541968614,7.29927375974503,2.89325111232102e-13,1.23059613977387e-10,"NDC80",10403,"UP","18",2571557,2616635
"ENSG00000188313",13588.615356328,1.74978286889377,0.240221977768536,7.28402490541379,3.24005158846761e-13,1.36188897826789e-10,"PLSCR1",5359,"UP","3",146515180,146544856
"ENSG00000183864",2091.51834408311,-0.500630074525873,0.0690069484513708,-7.25477775442667,4.0232187938901e-13,1.63342683031938e-10,"TOB2",10766,"DOWN","22",41433494,41446801
"ENSG00000119013",890.101691995784,0.974845734207724,0.134639273428555,7.24042628412592,4.47276646348057e-13,1.77558889119149e-10,"NDUFB3",4709,"UP","2",201071433,201085750
"ENSG00000151929",531.161956695064,-0.810863448496023,0.112779188421965,-7.18983227173231,6.48709643273995e-13,2.54693386097729e-10,"BAG3",9531,"DOWN","10",119651370,119677819
"ENSG00000173193",39622.3030040081,1.53692080592666,0.214039341333416,7.18055286636554,6.94300753051587e-13,2.69630188098121e-10,"PARP14",54625,"UP","3",122680839,122730840
"ENSG00000121858",24947.5861754674,1.0817272712426,0.15068756182368,7.17861021939109,7.04236048452601e-13,2.70547801495855e-10,"TNFSF10",8743,"UP","3",172505508,172523475
"ENSG00000122729",7079.07434211599,1.82076339948476,0.253919387706852,7.17063559395004,7.46503666488238e-13,2.83734925492466e-10,"ACO1",48,"UP","9",32384603,32454769
"ENSG00000177989",5585.61418127156,1.31332502270259,0.184342670787366,7.12436798866539,1.04559348621014e-12,3.93231200792797e-10,"ODF3B",440836,"UP","22",50529710,50532580
"ENSG00000146072",236.615238115114,-0.434617214581262,0.0610304346418435,-7.12131934061766,1.06898787778656e-12,3.97841655182897e-10,"TNFRSF21",27242,"DOWN","6",47231532,47309905
"ENSG00000181381",25926.1562461127,1.53587150245065,0.215945882624217,7.11229815445628,1.14126376522162e-12,4.20361564988021e-10,"DDX60L",91351,"UP","4",168356735,168537786
"ENSG00000269720",150.32205198366,1.91631892144119,0.26986745417845,7.10096342397044,1.23890165874802e-12,4.51668147589278e-10,"CCDC194",110806280,"UP","19",17390509,17394158
"ENSG00000110925",1271.76533186485,-0.318312649524891,0.0448597425012514,-7.0957306434831,1.2866986924728e-12,4.56448506679817e-10,"CSRNP2",81566,"DOWN","12",51061205,51083664
"ENSG00000115267",7493.01222961844,1.64504822622937,0.231849112647427,7.09533975543392,1.2903408859903e-12,4.56448506679817e-10,"IFIH1",64135,"UP","2",162267074,162318684
"ENSG00000138668",10438.1389468038,-0.395590393788953,0.0557448951959338,-7.09644160955941,1.280099936896e-12,4.56448506679817e-10,"HNRNPD",3184,"DOWN","4",82352498,82374503
"ENSG00000284194",1617.88960548722,1.55129425974605,0.219618833479895,7.06357571964822,1.62271710449455e-12,5.62878026304672e-10,"SCO2",9997,"UP","22",50523568,50526461
"ENSG00000178538",323.832406889956,-0.764815577668601,0.108790096278577,-7.03019487831092,2.06245271856105e-12,7.01783911702375e-10,"CA8",767,"DOWN","8",60185412,60281400
"ENSG00000185507",19675.5783308472,1.79165230162301,0.254963010492931,7.02710678760473,2.10859989307892e-12,7.10717518678524e-10,"IRF7",3665,"UP","11",612553,615983
"ENSG00000137752",22255.6968561853,0.811898541615087,0.115646369790551,7.02052769218376,2.21031846336938e-12,7.27164366645577e-10,"CASP1",834,"UP","11",105025443,105035250
"ENSG00000183785",232.834368981926,1.34955577551465,0.192244018047098,7.02001440265374,2.21845376075817e-12,7.27164366645577e-10,"TUBA8",51807,"UP","22",18110331,18146554
"ENSG00000107201",11365.5073544799,1.50511549495668,0.21476500825235,7.00819703919442,2.4140867878169e-12,7.8409538868293e-10,"DDX58",23586,"UP","9",32455302,32526208
"ENSG00000205413",10672.9492212975,1.39271930274926,0.199032399184906,6.99745020636256,2.60662654733462e-12,8.39004984533075e-10,"SAMD9",54809,"UP","7",93099513,93118023
"ENSG00000169871",13481.1355562762,0.669871736447704,0.0966635179381032,6.92993334751839,4.21038947514161e-12,1.33122827582176e-09,"TRIM56",81844,"UP","7",101085481,101097967
"ENSG00000170581",25286.9203533879,1.27583717217622,0.1843198405219,6.92186564703886,4.4573389371292e-12,1.39694566268204e-09,"STAT2",6773,"UP","12",56341597,56360167
"ENSG00000151846",12723.0769512959,-0.642664638848149,0.093189770738829,-6.89630024575618,5.33743272931832e-12,1.64392928063004e-09,"PABPC3",5042,"DOWN","13",25095868,25099254
"ENSG00000179044",586.102968719939,2.14561725225693,0.311834457239425,6.88062913653425,5.95887993965862e-12,1.8196483973002e-09,"EXOC3L1",283849,"UP","16",67184379,67190185
"ENSG00000188282",632.734998368556,1.17442055205522,0.170804633143799,6.87581203412956,6.16377294422035e-12,1.86626508263648e-09,"RUFY4",285180,"UP","2",218034960,218090581
"ENSG00000185112",1376.22276493625,-0.776135165391014,0.112913855131046,-6.87369290943297,6.25608094035936e-12,1.8782963011526e-09,"FAM43A",131583,"DOWN","3",194685883,194689037
"ENSG00000130066",40802.1539640394,0.893753317366177,0.130307884713903,6.85878156435778,6.94503367979167e-12,2.05067903563303e-09,"SAT1",6303,"UP","X",23783173,23786226
"ENSG00000188157",1464.62946194472,1.56880223704949,0.228691187398543,6.85991556952966,6.89012581387669e-12,2.05067903563303e-09,"AGRN",375790,"UP","1",1020120,1056118
"ENSG00000070756",48025.8151866966,-0.63197010341969,0.0922722877105008,-6.84896970802828,7.43837439727735e-12,2.17834623332726e-09,"PABPC1",26986,"DOWN","8",100685816,100722809
"ENSG00000275342",1228.60292109749,-0.8139235604393,0.118873437858717,-6.84697586862642,7.5427435164271e-12,2.190952360609e-09,"PRAG1",157285,"DOWN","8",8317736,8386439
"ENSG00000152102",4550.66618634914,-0.419620240466217,0.0613053856571842,-6.84475329480361,7.66077768798858e-12,2.20729246158432e-09,"FAM168B",130074,"DOWN","2",131047876,131093460
"ENSG00000123130",4960.51713754479,0.855665988627598,0.125743870734888,6.80483258250925,1.01166815457689e-11,2.89159038613786e-09,"ACOT9",23597,"UP","X",23701055,23766475
"ENSG00000108691",112.344277878466,2.99040375319279,0.441365507187793,6.77534538719727,1.24109405039646e-11,3.49148096319408e-09,"CCL2",6347,"UP","17",34255218,34257203
"ENSG00000108448",667.736219382845,-0.665041911394174,0.0983353383516016,-6.76300018429074,1.35163065556497e-11,3.74349302806398e-09,"TRIM16L",147166,"DOWN","17",18697998,18736118
"ENSG00000165632",985.457235781169,-0.330207590023267,0.0488405881321764,-6.76092575154158,1.37112781611451e-11,3.76828112416457e-09,"TAF3",83860,"DOWN","10",7818505,8016631
"ENSG00000003147",569.859411033451,0.585577041362387,0.08664063539948,6.75868821439762,1.39246677680225e-11,3.79771396958709e-09,"ICA1",3382,"UP","7",8113184,8262687
"ENSG00000117010",446.968177902739,1.53083550062015,0.227257008113249,6.7361421032934,1.62647225071123e-11,4.36921808822639e-09,"ZNF684",127396,"UP","1",40531573,40548167
"ENSG00000171056",8.95646619221075,-1.25871006623256,0.187094256667874,-6.72767881093751,1.72390924901807e-11,4.59640519768043e-09,"SOX7",83595,"DOWN","8",10723768,10730511
"ENSG00000011304",8296.14934649324,-0.50850315287951,0.0756235968029618,-6.72413339720433,1.76640551621307e-11,4.64045119729856e-09,"PTBP1",5725,"DOWN","19",797075,812327
"ENSG00000089486",2037.62341802547,-0.599108634698721,0.0890867355102583,-6.72500379845813,1.75587861827158e-11,4.64045119729856e-09,"CDIP1",29965,"DOWN","16",4510669,4538828
"ENSG00000111530",7381.42305522925,-0.839411045741676,0.125015866799834,-6.71443607302808,1.88794922767476e-11,4.85410295964197e-09,"CAND1",55832,"DOWN","12",67269358,67319953
"ENSG00000154122",6820.56220896047,-0.370359438281411,0.0551590252894505,-6.71439417824964,1.88849169108328e-11,4.85410295964197e-09,"ANKH",56172,"DOWN","5",14704800,14871778
"ENSG00000185880",5611.4745859527,0.801827030029547,0.119385688494334,6.716274288334,1.86429720974959e-11,4.85410295964197e-09,"TRIM69",140691,"UP","15",44728988,44767829
"ENSG00000123610",4491.26608116433,1.60133250211571,0.239296012213324,6.69184783860159,2.20369948537169e-11,5.62384108666856e-09,"TNFAIP6",7130,"UP","2",151357592,151380046
"ENSG00000163746",274.456450961254,1.1549821917102,0.172962220757417,6.67765588723614,2.42794298703264e-11,6.15216645678738e-09,"PLSCR2",57047,"UP","3",146391421,146495991
"ENSG00000163565",44694.4167786213,1.0662399601698,0.160275591353732,6.65254110849967,2.88075319748742e-11,7.24813734083314e-09,"IFI16",3428,"UP","1",158999968,159055155
"ENSG00000163666",126.152440018993,1.20878631118249,0.182289028024815,6.63115232046735,3.33076297732165e-11,8.26399303151028e-09,"HESX1",8820,"UP","3",57197838,57227606
"ENSG00000135899",8366.9648137446,0.853922029839729,0.128843307282239,6.62760098178142,3.41186228913983e-11,8.40682868044054e-09,"SP110",3431,"UP","2",230167293,230225729
"ENSG00000121552",2824.30414077994,1.09777859324696,0.165835038512736,6.61970234452385,3.59922861908192e-11,8.80775617140814e-09,"CSTA",1475,"UP","3",122325248,122341969
"ENSG00000106479",5252.87335252876,-0.596246321204296,0.0901087324725422,-6.61696491387206,3.66648472326543e-11,8.87754232929425e-09,"ZNF862",643641,"DOWN","7",149838375,149867479
"ENSG00000183624",2314.26532496649,-0.450280911940174,0.0680540020453144,-6.61652361958597,3.67744140376049e-11,8.87754232929425e-09,"HMCES",56941,"DOWN","3",129278828,129306186
"ENSG00000120280",2181.4088852225,0.890805579749316,0.134892682232151,6.60380952479124,4.00724336620135e-11,9.60877791863369e-09,"CXorf21",80231,"UP","X",30558809,30577766
"ENSG00000165185",1578.95383872671,1.27745990886161,0.193625113309174,6.59759411901184,4.17883405638628e-11,9.95342554443794e-09,"KIAA1958",158405,"UP","9",112486847,112669397
"ENSG00000005001",36.8919157252243,-0.828100209261033,0.125740475450112,-6.58578875494696,4.52476776848951e-11,1.06355857126706e-08,"PRSS22",64063,"DOWN","16",2852730,2858170
"ENSG00000101146",2012.74066211715,-0.244086697510306,0.0371241930636909,-6.57486876796344,4.86960975741126e-11,1.13713344714242e-08,"RAE1",8480,"DOWN","20",57351223,57379211
"ENSG00000012048",912.082867168457,0.604213724846612,0.0920367909679399,6.56491516590451,5.20624938070835e-11,1.20784985632434e-08,"BRCA1",672,"UP","17",43044295,43170245
"ENSG00000025708",31884.7368789822,0.946713485689976,0.144567009993968,6.54861358569617,5.8073678762741e-11,1.33003615053539e-08,"TYMP",1890,"UP","22",50525752,50530032
"ENSG00000117519",116.815443257258,-0.56891226374073,0.08703605515413,-6.5365125146499,6.29698713272939e-11,1.41496073130916e-08,"CNN3",1266,"DOWN","1",94896949,94927223
"ENSG00000114861",1924.25616697511,-0.58061353369424,0.088862343326548,-6.53385350823603,6.40986438727171e-11,1.43132271767777e-08,"FOXP1",27086,"DOWN","3",70952817,71583993
"ENSG00000125148",4682.21042443532,1.82175618975342,0.278962377391564,6.53047269953655,6.55624381169546e-11,1.45491601803885e-08,"MT2A",4502,"UP","16",56608584,56609497
"ENSG00000136147",8317.69088726284,0.91069365357493,0.139518840522616,6.52738834528448,6.69263629063119e-11,1.47601549007204e-08,"PHF11",51131,"UP","13",49495610,49528981
"ENSG00000148600",181.934359063959,-0.838629268364775,0.128658632900601,-6.51825104509452,7.11318729557882e-11,1.5496338761978e-08,"CDHR1",92211,"DOWN","10",84194537,84219621
"ENSG00000153944",4043.91712125192,-0.366766246042147,0.0563257922158084,-6.51151509129081,7.43965523290136e-11,1.59164073150359e-08,"MSI2",124540,"DOWN","17",57255851,57684689
"ENSG00000179348",2635.79111153947,-1.25038568846652,0.192067561680217,-6.51013465016209,7.5083471003656e-11,1.59677515001108e-08,"GATA2",2624,"DOWN","3",128479427,128493185
"ENSG00000149260",464.593599801089,-0.570730427037884,0.0877265023817421,-6.50579256601785,7.72848109875274e-11,1.63386492719667e-08,"CAPN5",726,"DOWN","11",77066961,77126155
"ENSG00000128383",83849.3084818375,1.12392458226946,0.173151574452242,6.49098678903126,8.52759577213133e-11,1.78171895758309e-08,"APOBEC3A",200315,"UP","22",38952741,38992778
"ENSG00000130487",1553.76472874066,1.8131160063084,0.279295043178576,6.49175862798658,8.48401105723043e-11,1.78171895758309e-08,"KLHDC7B",113730,"UP","22",50545899,50551023
"ENSG00000109099",111.402887058302,-0.879573125294775,0.135870834275711,-6.47359773702376,9.56964633743254e-11,1.98781583920808e-08,"PMP22",5376,"DOWN","17",15229777,15265326
"ENSG00000115109",983.986815544157,1.06108092905252,0.164006644949178,6.46974352399763,9.81693997391943e-11,2.01964306742404e-08,"EPB41L5",57669,"UP","2",120013077,120179119
"ENSG00000087237",1647.28649766815,1.13563362665075,0.176182897390521,6.44576541463922,1.1501844944522e-10,2.34821666387361e-08,"CETP",1071,"UP","16",56961923,56983845
"ENSG00000071242",2902.86202891257,-0.571445681466153,0.0889241753455128,-6.4262128858189,1.30822159687292e-10,2.63928983485538e-08,"RPS6KA2",6196,"DOWN","6",166409364,166906451
"ENSG00000100918",2772.50591874357,1.02994486573095,0.160291814838562,6.42543642523644,1.31491712551572e-10,2.63928983485538e-08,"REC8",9985,"UP","14",24171853,24180257
"ENSG00000146425",5638.35103714513,0.785990535470339,0.122425076871594,6.42017596031184,1.36116917172157e-10,2.71686324956805e-08,"DYNLT1",6993,"UP","6",158636474,158644743
"ENSG00000172183",16855.3225122588,0.83074290964299,0.129626624906301,6.40873671009705,1.46730332143658e-10,2.91243405934924e-08,"ISG20",3669,"UP","15",88636153,88656483
"ENSG00000103275",4759.99601213253,-0.400493295559104,0.0625075891104007,-6.40711474012786,1.48299215717971e-10,2.91997742027665e-08,"UBE2I",7329,"DOWN","16",1308880,1327018
"ENSG00000272391",6913.92728131289,-0.3963488269655,0.0618651547763694,-6.40665700099232,1.48744931283685e-10,2.91997742027665e-08,"POM121C",100101267,"DOWN","7",75416786,75486299
"ENSG00000168062",2991.40207025176,1.90405334770961,0.29811741396201,6.38692427391126,1.69255398273783e-10,3.30445730575176e-08,"BATF2",116071,"UP","11",64987945,64997018
"ENSG00000136715",2198.53880567045,-0.406982102872526,0.0638112537267334,-6.37790482248468,1.79527020292479e-10,3.46710344919443e-08,"SAP130",79595,"DOWN","2",127941217,128028120
"ENSG00000139618",411.551426193055,0.789435897098977,0.123819984113455,6.37567435298349,1.82159620645285e-10,3.49903168086814e-08,"BRCA2",675,"UP","13",32315086,32400266
"ENSG00000165029",4696.68946311791,1.28798600444742,0.202094246562371,6.37319481556798,1.85130471869955e-10,3.53708101549184e-08,"ABCA1",19,"UP","9",104781006,104928155
"ENSG00000196116",4023.972286695,1.06876270056217,0.16792716567933,6.36444196648359,1.96001009689406e-10,3.70514501279529e-08,"TDRD7",23424,"UP","9",97412096,97496125
"ENSG00000129538",153.40267215858,2.2684414322466,0.357038010532172,6.35350121088072,2.10468530529082e-10,3.95769455723318e-08,"RNASE1",6035,"UP","14",20801228,20802855
"ENSG00000168314",202.954273820679,1.20861525879154,0.190759646978945,6.33580150693475,2.36110599104279e-10,4.37634525014008e-08,"MOBP",4336,"UP","3",39467198,39529479
"ENSG00000212907",13075.3429512457,-1.08816619648682,0.171754024345062,-6.33560815029661,2.36406917061418e-10,4.37634525014008e-08,"MT-ND4L",4539,"DOWN","MT",10470,10766
"ENSG00000162614",411.124009735482,1.09736106483602,0.174039992902705,6.30522356691593,2.87778195478419e-10,5.29986565363554e-08,"NEXN",91624,"UP","1",77888513,77943895
"ENSG00000118113",1792.2057464695,2.57755006947022,0.409054740608068,6.30123505142279,2.95283194985368e-10,5.41019384124987e-08,"MMP8",4317,"UP","11",102711796,102727050
"ENSG00000149131",7508.2495081882,2.16183062069656,0.343238181136942,6.29833957730374,3.00850865602412e-10,5.48408149298112e-08,"SERPING1",710,"UP","11",57597387,57614853
"ENSG00000100784",4869.35595138906,-0.734671378393232,0.116764671255904,-6.29189780171704,3.13607938177302e-10,5.6876063021313e-08,"RPS6KA5",9252,"DOWN","14",90847861,91060641
"ENSG00000125510",1368.98863988691,0.820545244594577,0.130486517482991,6.28835270051204,3.20852300460333e-10,5.7605080356014e-08,"OPRL1",4987,"UP","20",64080082,64100643
"ENSG00000102900",1891.71791080783,-0.509373527560926,0.0810183126305044,-6.28714066021095,3.23366370133122e-10,5.7766168360581e-08,"NUP93",9688,"DOWN","16",56730118,56850286
"ENSG00000185722",1100.98106477312,0.694164286393728,0.1104379084719,6.28556168799913,3.26670413826835e-10,5.80660723642048e-08,"ANKFY1",51479,"UP","17",4163821,4263995
"ENSG00000229474",3564.49758551655,0.783555101267848,0.124838369604767,6.27655666882347,3.46153258273966e-10,6.0922973456218e-08,"PATL2",197135,"UP","15",44665732,44711316
"ENSG00000205362",559.575668482616,1.64241132163688,0.261910513353666,6.27088733707713,3.58996313597977e-10,6.25669282547732e-08,"MT1A",4489,"UP","16",56638666,56640087
"ENSG00000068079",7973.1128215444,1.45500040670505,0.23267342396549,6.25340179341176,4.01607143400832e-10,6.91597632404646e-08,"IFI35",3430,"UP","17",43006725,43014456
"ENSG00000121060",21625.7875614728,0.896345739411214,0.143465968340858,6.2477934647303,4.16291632504532e-10,7.04894191759333e-08,"TRIM25",7706,"UP","17",56836387,56914080
"ENSG00000143674",334.733645268963,-0.523258100417778,0.0838166466894844,-6.24288993994585,4.29559171297284e-10,7.20530050333773e-08,"MAP3K21",84451,"DOWN","1",233327724,233385148
"ENSG00000178685",19219.4385668103,1.17111965603195,0.187715175136619,6.23881183383073,4.40906967723259e-10,7.36108604804513e-08,"PARP10",84875,"UP","8",143977153,144012772
"ENSG00000140718",1996.71305151952,-0.457908057193174,0.0735990829537318,-6.22165438502867,4.91939758704419e-10,8.13704800879235e-08,"FTO",79068,"DOWN","16",53701692,54158512
"ENSG00000002549",2626.82649176224,1.40361280432139,0.225980142813659,6.21122186597959,5.25741809154514e-10,8.65256383614497e-08,"LAP3",51056,"UP","4",17577192,17607972
"ENSG00000138050",1228.69523132878,-1.03116065331094,0.166033351549606,-6.21056338191698,5.27949763848971e-10,8.65256383614497e-08,"THUMPD2",80745,"DOWN","2",39736060,39779267
"ENSG00000136816",5915.377388616,1.22019158185517,0.196594830728477,6.20663105603432,5.4132480059581e-10,8.79311370476507e-08,"TOR1B",27348,"UP","9",129803157,129811281
"ENSG00000164104",6886.48453460283,1.31540285899007,0.212186122128707,6.19928789778334,5.67191970071438e-10,9.16951796683816e-08,"HMGB2",3148,"UP","4",173331376,173334432
"ENSG00000112685",3275.37291873176,-0.498062284344302,0.0805342825752312,-6.18447533668703,6.23093535438409e-10,1.00278765018664e-07,"EXOC2",55770,"DOWN","6",485154,693139
"ENSG00000138623",973.040469536758,-0.692264878104428,0.11211382056063,-6.1746613811101,6.63054239528242e-10,1.05757151204755e-07,"SEMA7A",8482,"DOWN","15",74409289,74433958
"ENSG00000137947",2346.05951082571,0.481755485784731,0.0780352936884146,6.17355895024015,6.67696381160668e-10,1.0602425024937e-07,"GTF2B",2959,"UP","1",88852633,88891944
"ENSG00000072571",66.3377898236821,1.1943261214882,0.193664478310857,6.16698597442921,6.96039286861261e-10,1.10035803721147e-07,"HMMR",3161,"UP","5",163460203,163491941
"ENSG00000102837",1257.64187115335,2.80819195439548,0.455588130940785,6.16388304189705,7.09823798791402e-10,1.1172063737101e-07,"OLFM4",10562,"UP","13",53028813,53052057
"ENSG00000163050",3338.67272320385,-0.575929662658781,0.0937137842269484,-6.1456237992059,7.96498611285738e-10,1.24267696000074e-07,"COQ8A",56997,"DOWN","1",226897536,226987545
"ENSG00000066044",3133.78232680033,-0.388840240455779,0.0633300913027338,-6.13989704510333,8.25749816407965e-10,1.28271258437495e-07,"ELAVL1",1994,"DOWN","19",7958573,8005659
"ENSG00000146083",11078.0404602455,-0.449620405110756,0.0733537398604442,-6.12948168649834,8.81658223455601e-10,1.36363138561133e-07,"RNF44",22838,"DOWN","5",176526712,176538025
"ENSG00000143546",45103.4353188292,1.47473732794206,0.240752484348713,6.12553316710952,9.03804408810009e-10,1.39185878956741e-07,"S100A8",6279,"UP","1",153390032,153391073
"ENSG00000175643",1020.25387676695,1.21053650886517,0.19773913499672,6.12188633719495,9.24739827935307e-10,1.41798732070698e-07,"RMI2",116028,"UP","16",11249619,11381662
"ENSG00000100802",348.076507811205,0.565948024800046,0.0924741344765771,6.12006836293662,9.3535219985107e-10,1.42623671522719e-07,"C14orf93",60686,"UP","14",22985894,23010166
"ENSG00000108700",37.0777770865433,2.58948430458602,0.423776008850271,6.1105023656517,9.9318005444194e-10,1.48470029226367e-07,"CCL8",6355,"UP","17",34319435,34321402
"ENSG00000122643",3665.98373033939,1.06198864273123,0.173929070999033,6.10587198926125,1.02240930042321e-09,1.52202664523002e-07,"NT5C3A",51251,"UP","7",33014114,33062797
"ENSG00000108679",4490.17353676985,1.59637933602162,0.262053195952653,6.09181403118645,1.1163832987638e-09,1.62800581625441e-07,"LGALS3BP",3959,"UP","17",78971238,78979947
"ENSG00000112053",2552.19587522436,1.27438569728821,0.209259562822767,6.08997591363393,1.12927676593724e-09,1.64011383306527e-07,"SLC26A8",116369,"UP","6",35943516,36024868
"ENSG00000188290",440.125018534492,2.16418438860211,0.357037823984142,6.06149893154803,1.34858784240543e-09,1.93503399331169e-07,"HES4",57801,"UP","1",998962,1000172
"ENSG00000137200",7583.01434873208,0.884139057883704,0.145889307467068,6.06034172917904,1.35832650886e-09,1.93591766135964e-07,"CMTR1",23070,"UP","6",37433219,37482827
"ENSG00000205358",268.413404813518,1.62184673710101,0.267653589027392,6.05949930652725,1.3654591655358e-09,1.93591766135964e-07,"MT1H",4496,"UP","16",56669814,56671129
"ENSG00000154027",1071.9652907546,-0.641401477457695,0.105923330863431,-6.05533712194783,1.40123893419289e-09,1.97879306880805e-07,"AK5",26289,"DOWN","1",77282019,77559966
"ENSG00000125144",726.38218602597,1.51628015519811,0.250689187231524,6.04844657219998,1.46249104851074e-09,2.0410890695778e-07,"MT1G",4495,"UP","16",56666731,56668065
"ENSG00000129667",11266.341063225,0.622621043741966,0.103200988793922,6.03309184357967,1.60851932457194e-09,2.22748753598086e-07,"RHBDF2",79651,"UP","17",76470891,76501790
"ENSG00000163840",13449.6826706939,0.955894560784774,0.15850274082454,6.03077622388206,1.63174005971972e-09,2.2509192607593e-07,"DTX3L",151636,"UP","3",122564338,122575203
"ENSG00000087502",881.646005068426,0.684904273961461,0.113586471212051,6.02980501685661,1.64157614472141e-09,2.25351244887712e-07,"ERGIC2",51290,"UP","12",29337352,29381189
"ENSG00000002016",1597.91295302064,-0.632291785790747,0.104961911019877,-6.02401175480702,1.7014600072376e-09,2.32021996712157e-07,"RAD52",5893,"DOWN","12",911736,990053
"ENSG00000003393",1093.70981556634,-0.385914243521331,0.064072824479734,-6.02305652443017,1.71153635956509e-09,2.32508635188371e-07,"ALS2",57679,"DOWN","2",201700267,201780956
"ENSG00000125122",506.108127879699,0.412852803877995,0.0685771888894375,6.02026432643091,1.74132472507037e-09,2.35659279459524e-07,"LRRC29",26231,"UP","16",67207139,67227048
"ENSG00000120265",1424.65863314875,0.454707940427856,0.0755432013518222,6.01917753405996,1.75305516020937e-09,2.36174353175595e-07,"PCMT1",5110,"UP","6",149749443,149811420
"ENSG00000102048",265.916044869934,0.665077093613025,0.110545188639339,6.01633686458198,1.78408114973321e-09,2.38732776470667e-07,"ASB9",140462,"UP","X",15235288,15270467
"ENSG00000153558",222.150945034813,0.239465712818666,0.0398343371925697,6.01154003544795,1.83769114140351e-09,2.4498891455248e-07,"FBXL2",25827,"UP","3",33277025,33403662
"ENSG00000145555",778.453014391758,0.514089870138178,0.0856078091714705,6.00517493805347,1.91125717547755e-09,2.50129657016344e-07,"MYO10",4651,"UP","5",16661907,16936288
"ENSG00000166428",825.345533320575,-1.13192627416545,0.188571694551082,-6.00263086599574,1.94145666064727e-09,2.52234049351293e-07,"PLD4",122618,"DOWN","14",104924713,104937790
"ENSG00000168038",1995.77621049003,0.214750368487577,0.0357828337948887,6.00149137764075,1.95513326791125e-09,2.53090584767874e-07,"ULK4",54986,"UP","3",41246599,41962130
"ENSG00000175130",2952.85308288853,-0.783352070454887,0.1306288617024,-5.99677636508484,2.0127293687088e-09,2.58671924047582e-07,"MARCKSL1",65108,"DOWN","1",32333839,32336233
"ENSG00000103544",3088.22707899804,-0.377162285813542,0.0630792092937709,-5.97918537718238,2.24256240435025e-09,2.86150962795092e-07,"VPS35L",57020,"DOWN","16",19555240,19706793
"ENSG00000113384",3286.99483009385,-0.326937006056611,0.054702698453659,-5.97661569353061,2.27820778040628e-09,2.89664795652511e-07,"GOLPH3",64083,"DOWN","5",32124716,32174319
"ENSG00000141977",293.49302133708,1.09897196462835,0.184333510248603,5.9618675038858,2.49371319453592e-09,3.14824682029609e-07,"CIB3",117286,"UP","19",16161368,16173525
"ENSG00000162779",330.904957322783,0.407839833758916,0.0684299537247031,5.95996068329484,2.52298628100417e-09,3.17398781153933e-07,"AXDND1",126859,"UP","1",179365720,179554735
"ENSG00000182324",260.679876435735,-0.726033859337646,0.122332133289588,-5.93493990347536,2.93953151822029e-09,3.65935826073081e-07,"KCNJ14",3770,"DOWN","19",48455509,48466980
"ENSG00000145016",2447.64208828983,0.686578244284638,0.115711775938805,5.93352092917266,2.96506182700996e-09,3.67832392206291e-07,"RUBCN",9711,"UP","3",197668867,197749727
"ENSG00000006042",101.176436523002,-0.692669529618424,0.116886029902954,-5.92602495091603,3.10355451759121e-09,3.83680954340826e-07,"TMEM98",26022,"DOWN","17",32927910,32945106
"ENSG00000131196",2623.245866752,-0.36519168307888,0.0616504122165584,-5.92358866630246,3.14990766700564e-09,3.88068624575095e-07,"NFATC1",4772,"DOWN","18",79395856,79529325
"ENSG00000179023",62.0415519303221,-0.49762829465894,0.0840321913011629,-5.92187692542123,3.1828779839805e-09,3.90783039902596e-07,"KLHDC7A",127707,"DOWN","1",18480982,18486126
"ENSG00000159216",5579.4505229671,-0.22205500822687,0.037622355120541,-5.9022091390986,3.58666086865238e-09,4.35864692228613e-07,"RUNX1",861,"DOWN","21",34787801,36004667
"ENSG00000102057",529.152114920724,0.79241580104507,0.134444374577568,5.89400488889838,3.76946009100392e-09,4.56526339428434e-07,"KCND1",3750,"UP","X",48961378,48971844
"ENSG00000149257",346.369470067874,-0.662065828716548,0.112426367224848,-5.88888394296724,3.88812360069264e-09,4.69307027045766e-07,"SERPINH1",871,"DOWN","11",75562056,75572783
"ENSG00000022267",767.184399017745,-0.564112011895396,0.095883389828778,-5.88331318805842,4.02133940535221e-09,4.83752236614222e-07,"FHL1",2273,"DOWN","X",136146702,136211359
"ENSG00000123609",7594.55140747946,0.753555529980963,0.128378765701702,5.86978326097875,4.36365215150812e-09,5.19681880230274e-07,"NMI",9111,"UP","2",151270470,151289894
"ENSG00000165527",6884.65798516117,-0.313177643915425,0.0533872054294788,-5.86615540926024,4.46015778835485e-09,5.29410357017747e-07,"ARF6",382,"DOWN","14",49893082,49897054
"ENSG00000102524",11594.3270825728,1.03968133924389,0.177484619886955,5.85786723326278,4.68849225909211e-09,5.48703635421022e-07,"TNFSF13B",10673,"UP","13",108251240,108308484
"ENSG00000116273",738.751898749036,-0.401778338164298,0.0685916990326081,-5.85753588015505,4.6978534282382e-09,5.48703635421022e-07,"PHF13",148479,"DOWN","1",6613731,6624030
"ENSG00000130340",1512.45010306788,-0.362590075595774,0.0619020797815646,-5.85747808272767,4.6994881448397e-09,5.48703635421022e-07,"SNX9",51429,"DOWN","6",157700387,157945077
"ENSG00000260660",172.105497912579,0.823048499601921,0.14054766336819,5.85600983949337,4.7412014092634e-09,5.51770827199227e-07,"",105376731,"UP","15",75226401,75234834
"ENSG00000198824",898.062318010817,-0.525486649725807,0.0898249849958692,-5.85011675482019,4.91228071121929e-09,5.67980470066158e-07,"CHAMP1",283489,"DOWN","13",114314482,114337626
"ENSG00000142512",5229.69981168915,-0.992467021579472,0.169791600318347,-5.84520682836292,5.05939247221953e-09,5.79309166038236e-07,"SIGLEC10",89790,"DOWN","19",51410020,51417803
"ENSG00000130956",1359.3254448471,-0.738518118639862,0.126371434944012,-5.84402732284443,5.09536650349868e-09,5.79768326232487e-07,"HABP4",22927,"DOWN","9",96450169,96491336
"ENSG00000144152",356.534995999279,-0.445878823724505,0.0763633368504344,-5.83891225965944,5.25427295668045e-09,5.88770614222427e-07,"FBLN7",129804,"DOWN","2",112138385,112188218
"ENSG00000160710",74319.6211735903,0.860514298735281,0.147377563919726,5.8388419230758,5.25649131721412e-09,5.88770614222427e-07,"ADAR",103,"UP","1",154582057,154628013
"ENSG00000008256",974.517222312618,-0.485635322185545,0.0832120056094386,-5.83612086535816,5.34301436666471e-09,5.96379045655986e-07,"CYTH3",9265,"DOWN","7",6161776,6272644
"ENSG00000168556",245.384046325747,-0.385405652237545,0.066043898771782,-5.83559813101486,5.35979398453134e-09,5.96379045655986e-07,"ING2",3622,"DOWN","4",183505058,183512429
"ENSG00000143891",2741.81990170224,1.07376020429746,0.184709712908185,5.81323086583543,6.12784570767198e-09,6.69528047228455e-07,"GALM",130589,"UP","2",38666081,38741237
"ENSG00000118162",449.770918157023,0.848818347881876,0.146131554648975,5.80859041649721,6.30010034740311e-09,6.8624995491469e-07,"KPTN",11133,"UP","19",47475150,47484265
"ENSG00000113068",399.552173398501,0.480111206119815,0.0827676854852663,5.80070837193195,6.6035358732239e-09,7.10892758094129e-07,"PFDN1",5201,"UP","5",140245035,140303113
"ENSG00000102384",134.205995673345,0.364369405052173,0.0628333929303339,5.79897707348328,6.67206524454691e-09,7.15854495667183e-07,"CENPI",2491,"UP","X",101098218,101163681
"ENSG00000134489",244.061540276787,-1.14468443805958,0.197645146154465,-5.79161421533205,6.97131259120623e-09,7.36896616149752e-07,"HRH4",59340,"DOWN","18",24460637,24479961
"ENSG00000172432",7520.60877514756,0.738922556587899,0.127581358344805,5.79177527324067,6.96462924215985e-09,7.36896616149752e-07,"GTPBP2",54676,"UP","6",43605316,43629264
"ENSG00000138376",752.882210397072,-0.678321215394606,0.117131580673662,-5.79110442711828,6.99250818958055e-09,7.36956733325469e-07,"BARD1",580,"DOWN","2",214725646,214809683
"ENSG00000156831",1126.2491038504,0.313697298734815,0.0543119388004097,5.77584423726093,7.65681831905799e-09,7.97559197968815e-07,"NSMCE2",286053,"UP","8",125091679,125367120
"ENSG00000010030",1779.47320387759,1.71424268985442,0.297150027464994,5.76894676564137,7.97684953861603e-09,8.26329280959591e-07,"ETV7",51513,"UP","6",36354091,36387800
"ENSG00000116005",1841.9176591854,-0.493467834289762,0.0856231250743776,-5.76325418934552,8.25073872334525e-09,8.51972234415258e-07,"PCYOX1",51449,"DOWN","2",70257386,70281185
"ENSG00000124688",2093.3142649538,0.58717577941341,0.101951413856257,5.75936867576237,8.44291156713333e-09,8.66805587559022e-07,"MAD2L1BP",9587,"UP","6",43629540,43640952
"ENSG00000124164",1930.09795163796,-0.223786134613175,0.0388645763479097,-5.75810045142074,8.50657322848277e-09,8.70839106897514e-07,"VAPB",9217,"DOWN","20",58389122,58451101
"ENSG00000116663",2941.76256229462,1.12337070678092,0.195125691425554,5.75716451572199,8.55385388444704e-09,8.73177404524354e-07,"FBXO6",26270,"UP","1",11664200,11674354
"ENSG00000275074",782.796256530154,0.542996631092147,0.0944250022296092,5.7505598969621,8.89483834661559e-09,9.02826092181482e-07,"NUDT18",79873,"UP","8",22106874,22109419
"ENSG00000149657",3081.78556529817,-0.310789343552387,0.0540518100494797,-5.74984155512806,8.93271220976648e-09,9.03942609853384e-07,"LSM14B",149986,"DOWN","20",62122461,62135374
"ENSG00000162298",2961.96469941257,-0.447563063474961,0.0778811629084269,-5.74674345837912,9.097860186124e-09,9.15629151351657e-07,"SYVN1",84447,"DOWN","11",65121780,65134533
"ENSG00000164091",10383.5807644714,-0.36784168192372,0.0641536673559915,-5.73375922349926,9.82287501121335e-09,9.85819321350086e-07,"WDR82",80335,"DOWN","3",52254434,52288020
"ENSG00000152558",26097.4739023953,1.09932227795561,0.19180793355492,5.73137021801472,9.96225585733404e-09,9.97006939133979e-07,"TMEM123",114908,"UP","11",102396332,102470384
"ENSG00000124507",516.442659261367,-0.468428044213489,0.0817509029119589,-5.72994337099811,1.00464167759062e-08,1.00262116918876e-06,"PACSIN1",29993,"DOWN","6",34466061,34535229
"ENSG00000152207",553.878624496335,-0.949396495786725,0.16570929226232,-5.72928942502404,1.00852195785796e-08,1.00369004207101e-06,"CYSLTR2",57105,"DOWN","13",48653711,48711226
"ENSG00000186918",1239.42610803267,-0.649012962850252,0.113296585564785,-5.72844238522206,1.01356964662886e-08,1.00591156485433e-06,"ZNF395",55893,"DOWN","8",28345590,28402701
"ENSG00000182195",297.701306555883,-0.637111716785736,0.111232211431401,-5.72776274594394,1.01763750803253e-08,1.007151049501e-06,"LDOC1",23641,"DOWN","X",141111605,141177129
"ENSG00000170312",137.720588535962,1.43462835040301,0.250625890856582,5.7241825475404,1.03932950113541e-08,1.02577802255707e-06,"CDK1",983,"UP","10",60778331,60794852
"ENSG00000149658",2717.04353349425,-0.307977507941632,0.0538144283030414,-5.72295419004249,1.04687500492499e-08,1.02754808175714e-06,"YTHDF1",54915,"DOWN","20",63195429,63216139
"ENSG00000189369",548.74520365149,-0.505039610441593,0.0882942223614858,-5.71996215532549,1.06547782304837e-08,1.04294223731157e-06,"GSPT2",23708,"DOWN","X",51743442,51746232
"ENSG00000114554",2441.15901911425,-0.846900307862486,0.148141999736421,-5.71681433603785,1.08539595237343e-08,1.05664922578741e-06,"PLXNA1",5361,"DOWN","3",126988594,127037392
"ENSG00000135960",409.39763530867,-0.574448110657328,0.100478851643859,-5.71710465694238,1.083543874544e-08,1.05664922578741e-06,"EDAR",10913,"DOWN","2",108894471,108989372
"ENSG00000165304",294.276621809024,0.452184422049342,0.0791063597201996,5.71615763446486,1.08959668254377e-08,1.05679073446666e-06,"MELK",9833,"UP","9",36572862,36677683
"ENSG00000145990",1938.76955714467,-0.576566286629788,0.100895264938702,-5.71450292518755,1.10025156496303e-08,1.05956301652289e-06,"GFOD1",54438,"DOWN","6",13357830,13487662
"ENSG00000109685",6099.84355046006,-0.862638172449679,0.150976393853089,-5.71372881835479,1.10527083592009e-08,1.06153538778906e-06,"NSD2",7468,"DOWN","4",1871393,1982207
"ENSG00000138279",4863.06273179223,-0.391948043534322,0.0686711518291192,-5.70760840752522,1.14574646130165e-08,1.09745923778513e-06,"ANXA7",310,"DOWN","10",73375101,73414076
